Accuracy,Precision,Recall,F1-Score,ROC-AUC,PR-AUC
0.9694423223834988,0.7818696883852692,0.989247311827957,0.8734177215189873,0.996673209915704,0.9666372466105676
